date	sha	total	ported	partial	split	by_design	open	measured_ok	partial_m	thin	missing
2026-09-27	a30a7de84	5329	415	223	1	305	4385	3229	649	246	1205
2026-09-27	a974add93	5329	429	225	1	305	4369	3238	648	241	1202
2026-09-27	8d2439c0f	5329	458	225	1	305	4340	3254	649	240	1186
2026-09-27	dceb8a7b3	5329	472	225	1	305	4326	3261	649	238	1181
2026-09-27	dceb8a7b3	5329	471	225	1	305	4327	3261	649	238	1181
2026-09-27	b2a5f3fb7	5329	497	230	11	305	4286	3300	655	237	1137
2026-09-28	c4bce1fa8	5329	523	230	11	307	4258	3317	658	237	1117
2026-09-28	fda3d415d	5329	545	233	14	307	4230	3335	660	237	1097
2026-09-28	1cc7d605d	5329	569	231	16	307	4206	3344	661	237	1087
2026-09-28	da6d0e8ae	5329	591	233	19	310	4176	3361	662	238	1068
2026-09-28	a7a0f55e5	5329	614	233	22	310	4150	3372	663	240	1054
2026-09-28	0ce2fb847	5329	635	233	22	311	4128	3387	660	238	1044
2026-09-28	9a4e484a1	5329	655	233	23	311	4107	3400	658	235	1036
